id:ID(author),name,:LABEL
7f334d4fa026694142a6ddc93232122162af9739,José María Barrios-López,author
a5fa698de58c39df886df566f65955657c9f8730,Rahmat Awang,author
d10f26ef3f5262c1ba2d60ccf03b8a4f0c023f14,Michał Nowakowski,author
836d016a8dd69e1e7c1e17e28868349a333f2c63,Gui-Xia Li,author
b56e6bc303475fd4fc46e752f2b685693b08d1e3,Marion E Weir,author
e2d06610592d1659504591d4bcb402e94ba50a38,Australia ,author
cb76efb142198a86858d44f5751901e92139ea59,Olli Ruuskanen,author
6ca0e8456f7246118fe2c6236f08ec7f1141c93a,Lluis M Martinez,author
07cef95af83ed3faccd711d33e8c2cbd967e7958,Jacek Szeliga,author
7ade731be3b91fb1c6b4b6e78f301e8a2a3d0858,Benjamin J Cowling,author
3bb2f16439cf7c455b58d68b539856a5b7d829ba,Catherine Thieblemont,author
d49ff6823023c44e153c2af1fde972fb66576601,B Tech,author
029279d3320c4a0946e3db4a67cb74dc26f05c13,Nuo-Ya Zhou,author
6a721b6e9ddb37816aea7a65a497ea1dd7af0afc,Patricia Hedenqvist,author
d47725a8992cab81cbc76ab11db6ad22b02f3848,Sam Abbott,author
5400c3bc7dde46fd671390a648659e4697ca9ec9,M Hélène Verheije,author
5d0e7950963f324cbaba5db054b5a68bd12553cc,Gurjeet Kaur,author
fb2efc6dfb96ddd56126b7738cbe9f32ebfc6b41,Silvia Herrera,author
20ad5a4880968bf865f0b9a4ff6b349df1ecae86,Chad Wells,author
748e48d3273ea7d4c0c2c7cf0de39167265b2def,G A Damanhouri,author
782636de512e157bf89d70ee231545d1fa0b6af4,Ali A El-Arabi,author
804bf7606915307c38dabaa00fa253898702c78e,Linghua Li,author
29294343183aed3b00e150352f4849b99f51f596,Russell L Malmberg,author
cf61da52f344b573e5dcc578c23d0ea26ed8a777,Antonio Cabrera Villegas,author
f901ec4325c3cd090476cd5be629bb654c6023ae,• Wissam,author
661b91dea5b59f1ad8f8603fbbd64fed0753b8d8,Salama S Al Muhairi,author
d2d2b0701758e4ef8b0f7dafa8b0ef349245d16a,Kurt Rossow,author
d4759119f2de99b545166f651753000816799e3e,P Fernando,author
de946353ff573db963f67122e0561508370e3d65,Fabbrocini G,author
d8f3ea770360e09dee3c0187b4679dd957bc57db,J A,author
8cdfce6945e6be6e9b50ac04b194fee3741e74f5,Ying Feng,author
e02c2f14f78fc92f6d7a8a8c8a27e3eef9a820e4,Samah W Al-Jabi,author
08ecffc4f5ce7dda02f5241b22a347aafb459d3d,Holden Maecker,author
c2d76cff95ee98187f9609e54be9b01f268b8c4a,Robert Coppock,author
ddd502c7bb2c44025d35fba5338a4bd36c55ce92,Susana Elola,author
08bb49a8038436658afd55d61808c251107b8494,Eric Raymond,author
c45d0bde0ae410b1dd9306f37e7871d98933187c,Yuangang Liu,author
1afdfaaa9887671492a44307a66df9831afaf0cc,Qing-Bin Lu,author
f8081be89bfa344b372cfdfea4cc65fac5029041,Iago Rego-García,author
c2eefa41435d65b48bf09725b7e2a613061d5210,Alice P Y Chiu,author
d15072f2e8b9ab53559543b3b6a31d4c5d9bc289,Ajay K Sethi,author
395769c478d0fc7788eacfb20c31f92c69c00b39,Vincent L Morris,author
dee0b85afa5b3deeb9f4334712d18eb8d53be015,Maarten F Jebbink,author
68ebb242302a288251ffb27618f83110638afd06,Alan Zazu,author
59273784a03fb161f3ed2ccb4c2e93989eae0d4d,Dong Yang,author
be93f73cd2acfb44fd255ff199f732b576bd0f2e,Sylvia Chong,author
bf6eb569f060b7130b2e73702560cc56472d3a0c,Aida Kustura,author
371c888b811fd91087786b78cda11d1b62da0a5c,Li-Yun Dong,author
f0764be17f5b7f9526a5f743c0354826f3622dda,Robert S Fujinami,author
981a0228575f588c08fcb5161751de052248c0a0,F Escamilla-Sevilla,author
32096c2e0eff33d844ee6d675407ace18289357d,C,author
8c54524bb9ec0f10420dfdd7f59ac34fa92cb776,Bryan A Ballif,author
b58321a056e5733f28537bca11ce8a140d002b77,· Tong-Yun Wang,author
f1cc877bd1eb9577b240a7d921947587171f87dc,Napolitano M,author
2d1db007c620f54130ae97e31dbac56f9627fbb2,Yin Jiang,author
c67a6b41df1f7ef729bd4671e58a46c86677b1d6,Monica,author
666c2ed7379cd52ae1c72192a9dc9a7aadaee5c9,Victora,author
fc40efbd12952575e319cee331cf8772957d7fd8,Qiang Zhang,author
0bbc97507120ddae66fad51669314dc2a9a16864,Jean Kaoru Millet,author
9e91dd08adbf6703b29e27d373ae0ef9383cc40b,Ricardo Valentini,author
79f8700b68354b179d53e0d90295a9db875edddd,Mi Jang,author
36d608f5627ce5261d03dd99dd76badcf43879c5,Arthur W D Edridge,author
f7a272a7ac310692cfed3de9992dc4e4fee9fa89,Cesar G Barros,author
ae0092dd867216847fb55b509b8318c980c229e0,Paulo Luís,author
ec384064ecf4aeef99ba57d3ad6620fad94e2eb5,Fan,author
22876158832adf82cc10e4872ceca28d8afae9fb,Lawrence M Blatt,author
2852c74d8cb3747b1977d91e77b8d9fec1b300f8,Puy Garrastachu,author
42af5322ecc277c0362be6672383a8d711979ee0,Bahaaeldin A Marzoug,author
59762d3e43727c8cdc9da4b739989cf4a68f1ace,Yang Yang,author
0dd5845f1be84d7e3a430907f5fe12ed35f2ef2a,Carl J Franz,author
43f488b549d000785a2b034f6b5c3c464c5f809b,· Piotr,author
ada84fab7f2cb847a3295aadb2994eb5209dac9a,Piotr Grzybowski,author
fe7ca86087a379c132cc5e3a5aea273794ec70ac,· T Stefura,author
64124385fe1422825869bf442163e6e24686cb67,Jitender Singh Virk,author
df625512caa8e9a1b9c75f20095549df97d4c4c5,M A Alsaadi,author
36e4e7da5159b1a17271857063f687cd10642c5f,Reinhard Laubenbacher,author
5f2c6c2564a9f6a2b1ab169e8148c61c1a0f96e8,Sebastian Funk,author
307e2ab997aa5058039db956fd9283fd6e8367e9,Koji Tsujimura,author
8c2dd6d7406958c238d4a61114e55770d8d2b63d,Kaushik,author
451ecd65f9bf757af6f374151abb7396b06a6629,Si Abdelazim,author
d518725a1f6134f41bc7d61b4c9bb06f9138b1a1,Andrea Granados,author
79832c46dbb4446b75520ea395e9232ae8983997,Esadk A Erhouma,author
1e00d39e91456248171739feb353f0dd0af860cf,C Muñoz Martínez,author
611ab9b1c791bc43679d3da4aaabb085e04de0c6,Chung-Yan Cheung,author
335dd6fa8e8eddc433b736260ca2e3715f8efe9e,Miguel Blasco,author
8b9589d30d5394b8063b093175c20eabe6a1122e,A M Tolah,author
f4356c2f20fd09537396ad48d45f4ae01e3cb52a,France Lin Wang,author
8db567b9f736ba2b0337bda07ffb7c4e03369041,M Elizabeth Halloran,author
08fea527860f9139d023d7f09bec2ba94c84fd3b,Susie Muir,author
fabb4937635c21d2e0aba413b1728229461e0f24,Xufen Dai,author
c920774f1dd79bea548f68ca0e2b99ff7f5bdd54,Peinan Fan,author
e1b80fc6366b80ba7854b91a7d00c41d656723cd,Sejla Goletic,author
aa5a48bb94697fba5870f7023a579ffb54f0690a,Sreejith Rajasekharan,author
6124aaeb14dd0d35938227335d3cadbd2f51eb0e,Ronald M Witteles,author
f340cbecd76d4df116b3b54e008df248aa39cbf6,P Major,author
a721debe85452e6662e5e684bdff2ac047b1da13,Q Abunada,author
ca8bfbc4749cb47a6c0ae106540dd0ffd8ad9833,Xiaohui Zheng,author
fef1b7956323f1a03977d057f601968bf7ccdeb2,Li Zhao,author
bcda473da8a659fb1380753f2b7e620e4a3e6c76,I Rego-García,author
1736579388d8dca1ee987f0fa6855084a0053f53,Ali Imran Ahmad,author
b23e7008c4c8978239c20eb3f0bb02280fedd7e4,Pablo E Gómez,author
bd890c0fb6e7d51d72c11a6a28e456d7934fa4e7,Reshma Kaushik,author
c8a0a216d7dd4d488a3eb61d8e41a34a10f94e7d,Anupam Khatua,author
7473c14c10567b74aa7547f9c1d46a35efcb4f2c,Grzegorz Wallner,author
24743c90167bb9f07b687927bf0c9ddec5d8aaaf,Shu K Li,author
f1a64844f2335ae0276361b53f83550e13a8cd14,Douglas Marthaler,author
317c3b78fa5107a5f3b1f5c385fb3cb027ef5a0c,Luis Dellagostin,author
1a3e676410b8affb0ac3410046d697efaebefa66,Juan Tao,author
f0af5be00faae612bb236c2f85e8279ba7a477f8,Stephen P Becker,author
3d9a15f1b6ff1bad2dc0b2d9b4cf074164cd7e9d,Chi H Lin,author
5ef1e376d69409272d349eb5a44f290c955e3fd1,La Ode,author
4e61f1f4fbf7693de1431cd879c6becf46e2adbe,Young-Ran Song,author
b3c5f30dbda5ca44b74e7ed19336dc4cca5f93f8,Brock Fenton,author
ac8def25970f1db2da7ea4b9d2bbafb28b25b1ea,Zyoud,author
1ce70ddc75894d46262d744df4078980fa0f4689,Olivier Gossner,author
ed6321a167daf3902ac13adf2cb0331f9cd53eb3,Weihua Meng,author
64ca293b7504ec3011d3e2c3d087abb0062231b7,Michael T Kidd,author
7d07ee4a6f2c8c6ebc19839289bd042567d2c420,Albert Rovira,author
a27e21e1c4ab36022d56f4817e93974a60359786,Yihui Wang,author
159ed94b69d75dab29f83e8f9d16eef33944bd87,Xirui He,author
2407d3b24e79fa2544403735d74d4781cbae4d97,L Horta,author
ccf9fda0b21f8819c2d7a249726008356bbd2cde,• Farouk,author
d8c64b2151c8e79f7ef9b606250a6d89b755633a,Fernando P Hartwig,author
a7bb10500cacbeeee0d405582ece5b67c900af1e,M Hashem,author
dd0c8c4bdb5d1bc57a5d4183348c76d946d6b2b4,Rivero Rodríguez,author
c85e56a4810da9c2425abcca1b3c76d7103a6353,Ruiz Giménez,author
43a3eee96365c3b6d8eb748b0c684890f6b26160,Alexander Mccorkle,author
ec6242d9c7df6efb744047768822c45e422e239b,Yongmin Zhang,author
2b9f735ec174767a5963edf3b1b092cd8480e695,Sancy A Leachman,author
04d7c4e54190fde9132eee0dafd27f754f8f2497,Paulo,author
1ec5d16a01b0511384bbf7c78e445b0e5cf79dbe,Kathryn V Holmes,author
520029c3d4439d533bd0cf5f2829c1f63215b0b5,Menezes,author
5db3f2fe427880a68672fa670ef2d63a0110221a,Vitaly Volpert,author
4e3d52c7b6322a710dd5280a0ac0844d3866b581,James L Bittle,author
8429a1c639abe99f52f540c031f3238ec6aa8ad4,Lidia Morawska,author
f52790de8089dc5c8fb4af9a18a3bca1d939622a,N Torun,author
53e96e82b4000a035eaf43fa7773c5c976dc584a,Zahra Sedaghat,author
7c6da70d03bfdb82510a7fbfc79db381d1245df1,F Mariângela,author
82226bfd1c944446cbc942ea043f31583c308816,Claudio J Struchiner,author
fd155ccbdd3d040a8fc384eb4e784f143066aa1c,Roberto C Delgado Bolton,author
718e2961b9e1ec66a2120936bceb45961a4f1122,N A Clayton,author
289dcc3086b1ffcd4bf96cdaac9baad569b7a0b5,Jesús Antonio Ruiz Giménez,author
662fcc748de8f3b048824d3555b4865a97b10878,Minako Kikuchi,author
342dadb3257ed04eeba5dadcb8ce8ffe4b251b7c,David Murrugarra,author
2d858c8f677a1c381d1460ff65b693962216dd30,Dr Bernardo,author
120a48f7e318e05d8e228474f6aa934234b98cee,Cormac M Kinsella,author
737028b9d4423f2667f87b40876f616410d34c47,Noelia Morel,author
21fa4927fcfc06576015bdd707284ab793d0bb47,Stephen Lermer,author
8e0a170d03f5d6252715cd7226c8b06712b1578a,Lindsey Raymond,author
b2d15557466acf7c48b039f119c02d13df2c066e,Mohan Rajeev,author
4340b0143fa6e570306f33f9f4b0866bb6c9db24,Cheng He,author
83d35d8e2b6e5d1a589c98db0b75279fe62b16fc,Richard A Anderson,author
4e8bd53539e87ff41691ef143f5ecab324f72afe,Renfeng Guo,author
184e9dcfdd7976a05fbcaf740de2e84b1f616066,Reza Esmaeelzadeh Dizaji,author
cdc69b82f3532349c07c058787935fbe7099b94a,Rohit Gupta,author
425be7a631877a11fda7cffe967bd179dcb698c0,Ragnvi Hagman,author
ad155bd2721d7bdcc07b86fcd1e5662d5d09d6ca,Liu Yang,author
bed6640af5cfa36a003966c953bc728a245529de,Matteo Megna,author
98c63f7c0707e96455642e3b0591dfb2413a256d,Takashi Kondo,author
f79537a86514efa284d03c8f9e0c51c9d1ce6d01,Brendan Mullen,author
b460c5e2c6578f509a0678cae979e86c1e113610,A M Hashem,author
03a884600d049441c5b739453d87dca87ef44dbe,Alexandre Storto,author
a1c77a99e80179b093581750392653e116d3a235,Francisco Escamilla-Sevilla,author
c9825aec788eee4f64eb5ae317bc8bf4183672d7,Dou-Dou Huang,author
6568d947d0fe04ad6db03075a379fbfb8461ed6a,Daniel Pezzola,author
62b68d45445e0064c09954ddd9f507003d97b0b9,Martin Deheza,author
3ba014a512a00d829964599f7e58ea4b82bd6874,Liliana Aguilar,author
22f5b75f224e10257a0e890fa2e44ab3673fb7ee,Mark D Chatfield,author
239e021be5f4c6acd73e179ac023a610f6e587d1,Odir A Pellanda,author
e171a42f45244237b7c6b3723653eb995bd5d115,Diederik Van De Beek,author
ef5e1525411ad07fc68584aa0e9353314b18db26,J A Ruiz Giménez,author
799d3471dc131fdc25d248246adaa6efc753fc72,Iresha N Ambepitiya Wickramasinghe,author
54b0134ce66c6b48cb1c16920115b40dbcf7b607,Oscar Jensen,author
26e290df7aae7c7456928914129359e561e31c49,Rafael Ramírez Lasanta,author
5b86e347e1ad2ed67a62ce97ae1dd0e04df4ddb2,Shaoping Wu,author
fdbf44fc64ef49a9dd5188e38e0a9433b10276f6,José María,author
9550dba3424ec5c4d72f54dd0fea0afa2220fe43,Damir Marjanovic,author
6e347f944fac357fb7c234e7d532efb3205c8e14,Qiyong Guo,author
5ec78472319ede57e4f6cd1d39596f03b27a0192,Andrew E Firth,author
a29ceb270dfa41c158907b49a5a0e8f725aea2eb,Li-Yuan Wang,author
22390ad11c32faec43fc61555b53607660b3c185,Paris,author
e2a7cbaead21e21e6f683341d556477ae103a8f8,K A Steffenhagen,author
fa02ade43c9f6729dba80eff1f89f77a75159486,Hua Zheng,author
9d48026c3b4d50cc8f3628b40a5353bcb911227e,François Kien,author
824713ec6dd6cac347b5b17b8f0cde892bc3db82,Harry L Hébert,author
9bdc09fbe2bc7d79c6772c46fbf39db7414f03dd,Gong Cheng,author
f137125454c1db17c2fd58f6b76f779d51192f5e,Wu-Chun Cao,author
bf704358dfe143ec454518d554151baba9fd0f7a,Pascual Valdez,author
f616c1f20633d4e4ce76a0fdd29f20409eaa0a02,M Pędziwiatr,author
84485e8999fd80bcb91f9eab2669c005f95fa42d,A ) Xu,author
68a047e8b7cf3ff2a501d9e294708e0764bfac6d,Merja Möttönen,author
7f9afe219101558fa70e3443708ba29a2be1ab3e,E C Ward,author
75397622a3c9b5a707a7feb367f2afb5b14f6698,· Simona Di Valvasone,author
ff278fc9a13be257d7205674e79804b1527b7640,Sabine Fradin,author
e44fa877e3532c1284057fe6c607099fc229e4a1,John F Flanagan,author
4fea0ada4454f99bcd15dd24b8e438f307439840,Barrios López,author
517ee95d10b23d7c5edb327a9602c928de9d0e0e,Alexandra Martin,author
319f7b3ec5534b2755262ba9ca3c24495d417802,Manabu Nemoto,author
e137b5a3ac969036699c66bbbff4ba074901d88b,Daniel Best,author
a771a812dd9945c7318577d98b8e7d62f55c2882,B Ana,author
6af2bd8c8d692324bf573801dfc6824160a68347,Jerold A Last,author
74ab69a37015add88eb50d26fbda58df5822b4f5,Yu T Chen,author
055833e1dfb5b82f9a99a0d2978c802f02349cf2,Carlos Ramirez,author
c78c02eb056bb06b07866005307f4721919aa54a,B Visseaux,author
38f98852f69cc35536977a27425d75cdf68c86a5,J M Barrios-López,author
b361cc6b8a9796359789ce6904f1aec8dc4b0679,Wentao Zhu,author
10da2850cea62278444e39ad798136fcdcf2f23c,Benoit Visseaux,author
58655ad6a9467f178273c908752bd63e4d2026d2,Inge Mutsaers,author
191b9188401e22039de43ae5b339a8b3c687c5bd,Muñoz Martínez,author
4c6f197cc391b8eaa09dc0e3a4378c7e9e987dd9,Alexey Tokarev,author
e5216ac377e09318991ae3efeefe2f85f8be029d,Xiao-Ai Zhang,author
b4953255ddeba4ebf1db24890e7abc85f7fcc772,Xue-Hui Cai,author
1ae1a195d1e8b7a474798d1300c1303e445f2a94,Toivo T Salmi,author
06e251146bac38fa83e05c519307bc42918e07ce,Fernández Pérez,author
58668e7669fd564d99db5d581fcdb6a5618440b5,J,author
7a3aa2d53d31a9ecf6c91048eef5ade5b36b4f89,Lisa Banh,author
645e993ee814cb8186e27f5b7431dc2af58bf78a,Taha M Mehemed,author
fd9322514040f7b10820327bdfdfa41d723a27bf,Mar Rivero Rodríguez,author
95cd8fce9b03caca332df2881b3f6cbccd610836,Yu-Lam Siu,author
242cd0333b95d470e94c03077de384c1da42f8aa,Cristina Orlandi,author
112cafcbabfd36c71c8f71d3d32c1f5a3ae7d749,Rajeev Mohan Kaushik,author
92f65aaf6875e3fa0f699209d8b7ab46ce2ef2db,Gagandeep Acharya,author
39a5c97d7f56dc1a8fd8798ef1cee19e8384b3ee,• Oum,author
3dd7eaf945379527271ee87256c3dc3ab02730d9,Claudia Muñoz Martínez,author
57a2c873bdc75df61deac62fd8b5b232571a843b,Ramadhan Tosepu,author
4b620fb92f899a8d2c2d4f1641b17aaf92a6784e,Oliver Schildgen,author
5aa444865762f1e469cbb6d2f416423e4bce4428,Yueping Li,author
eef09c67f3aed5b38fdca3ff3043726826284520,Keltoum A Bensalah,author
940d66c3c0e20fd71723f980e321f0879ee2bdb2,M Clara,author
c79e2cf7aa56caa94f75d9365e25514244cb4903,Akira Endo,author
7af7bc8974474f488a7d2ad9a685d2b2a527d155,Minna Koskenvuo,author
cd0fb6b9bcbc316e04512c645eae5564ee567d11,Matthew Churpek,author
eb03b1f44fb942fc0c82dd40be88f3880d1cb108,· A F Rumbach,author
ace7ce49e26d5e792ed55497de3eb600bb4c65c6,Juan Tan,author
664d53c77194279bd5f28790f4911344b3b9474f,Elsaeid A Elsayed,author
3ecb6c982f895f8772358a7017450cae5bc8b78d,Colin G Scanes,author
cde3c18ad23c0a88a0b3610751120a14ede0a1ca,Paget,author
7f374054664852519d266b28a9f3748eb5716eff,Ying Wo,author
78d81231b287e240eb5ab0e0317d7373a42929e3,Tian-Xin Liu,author
41661b1bc349e264b6a9fa66f50a8b831e0b3155,Elisa Estenssoro,author
67ee834bc788e09ddf80d7bfe1bb02da5ee4e878,S A El-Kafrawy,author
e5d2e7800aef5ef06e7007da356dd7099f9d6ed0,Patrick M Colletti,author
f756cdf7a36f0a88868339f59d339d0adabbab54,Qiang Li,author
f97ec305590b90757a2700c992df9dd6ec39e9cb,Abhishek Pandey¹,author
77cd8a499de7cd5419421cf82371fe3d9628bb47,Alchemilla Conjuncta,author
e9dd396846aaa46edcdc612ebea735f35fba0795,Emily A Bruce,author
c1651f08cb979d5f94b2f864e924fea840f37106,Waleed M Sweileh,author
b9483f5ab7efc443e5431a856531fe293b604d96,A Salimi,author
55fea7c6f7e58e1c4f436d36ba5dea43bdfe2574,Pitrah Asfian,author
8928a5925b7e27abedb1ce21ad7c9474f87d5b20,Dongmei Pei,author
152693252c54d3db9fecae0bbaf4f4b16a136bbb,Lars Wieslander,author
33901f1ededf9daf3985981b1b40242f85b007c1,Barros,author
e1bef93d79b2e736a7fc5591c43588c9f1a4c053,James Mahony,author
1f6ec41c91b996affc9713b992d1831e69e684d5,Bab Atropa,author
1d056b5d7c8640231af2233a86a0eb123569225e,Sergi Gasso,author
677c1e421b3e78c20257ad67b13e725607aa6785,Nijaz Tihic,author
a28b422972fd4e00e5ba7828c90c57326ea1e2db,Lai,author
edcf712ed34f182de8964a757e588dfc811133fe,Ralf Marius Altmeyer,author
ae4075b82c6c648e63b8eda9ac7044fee438b7dd,Teufik Goletic,author
00ca9ca7217c55e68427c62c70d87c56d9f9ce86,Juan Carlos Romero-Fábrega,author
4e783ba7130685a5e5e97a2e3da1384c9c5fad3e,Shuijiang Cai,author
e0a19388a27da79d7fb3eef51b72c73d5ab9823e,Marek Smieja,author
28e6ef352c9096a28fef3d57c820aa360df84981,Ana M B Burattini,author
43ab6af647150c5b74a64988e9034b924e10761d,Yuzhong Qu,author
19867c9bff5ca8357ed6a07df258bc151d3955be,Yinglei Song,author
426fb7175dea0d67ea19a77b504f5f5c53027fbc,Hassan A Shehata,author
b9976735b1c96d3d65397d1861a34022164c7b6b,Mauricio Bondad,author
cf785cafc46919eb819d1237b70609a9d45d1d92,Xiang-Jie An,author
fec79eeab21f777c830b39194e98481acf527dad,Samira Mubareka,author
1a049533d639905a407c4ce2fee237361fc6402c,Sarah J Goodlin,author
93c2034a0d20b33646f891d4e4637bcf32eeff0f,Azmal Syed,author
a75924700f27eca0b68d9c85dce7ddd897720f0d,Danilo Licastro,author
89dced5db3951a40c40dc630b90fcc6cf329c98f,Jean-Jacques Parienti,author
0b03de20e304e6f3058cb63cb8b551fc4e3255ec,Ruas,author
e3eff84f741149530225b22a0c1bfa44a8a8d230,Lisa R Banner,author
571b7a976e95216eb3db1c9eb04289eded1a7146,David Patterson,author
6f038689747ebde5cf655ae598cf2f9a878b2199,Ira M Longini,author
e7e2817b74656e5bf31e03f62122c5d1168e8ee3,E I Azhar,author
98f00c3e0a0aae250ac18a22fdde2383816d7dd8,Correo,author
93f0a0d81e4bfcb912857a1ea8e5101a515269e8,Ali,author
242f33a5719ef69237983edd78dad08d566a71fb,M Bertine,author
27fa55710305a0b468716b36885d1c3621599247,Eraymond@hpsj Fr,author
76e654a9d458a12909207d8f728fafb9f1293cda,Kalpa Gunaratna,author
0494f0cc6576f2bd4edeb7043e47197095638b56,Lesley A Colvin,author
deaac9e4fc9404654784d8f86409edc41d20f7cb,Devi Savitri Effendy,author
00480b01aa5cfc601150617e4008b622e7eb9eba,| Le Wang,author
89cc091162ca29d33ce09813ac6de3ec0bc64f73,Mark Nicas,author
3d1e147a991fbdd0734b019c20beeee5444fe7c8,Tomasz Stefura,author
b0d8dd9bc8ce377815c7f333d44d6165bd759bc3,Ian Brierley,author
a7463d494c5f81c7c0f83032641606f852a61a5e,Jonathan Schofield,author
290ae32abee53ca7c19b10e236c54443dd962b56,Hossein Hosseini,author
2cdb29c116756c31d58d93fa51f4dd4e90a2a450,Chunliang Lei,author
86b3807c49df66ab98ce45e586df615297b00da4,Leasea D Butler,author
c7bf3c0cad4d78821fb02048cf7ee22c6747e0c0,June-Wha Rhee,author
266c38d7cecf31ebf847ee3b2229d67afc0fcb56,Ingeborg E Van Zeggeren,author
ce2f8e29b9d4be75f72a24bc14ca4eed83ddb101,Jing Yang,author
950dd5ad6704c942c0a77a36c8f862eab8026e2b,Hiu-Lan Leung,author
1f362f047d7a2d0b39ec18a04b7bad9b2f61c916,Romero-Fábrega Jc,author
cfe20bdbb602c348b3ff11773cb455cca4f7de0b,Adis Softic,author
a770e1e0033986bc8c2725717d554effd279541c,Sean M Wu,author
3364a7ea26d330e934f248da9ceeb2a566c0e1c5,A Bleibtreu,author
98e9159bee22f54c417f23b5b4d5875a8c008af3,Bernardo L Horta,author
72408d6bb1101966bb285401c2bd0a875ac475f3,Tae-Gyu Lim,author
cf98b650e916eef43161764ac80e2d7bf09ad26e,James Collins,author
60ecc20cd658c34411dedd2650ff7568c788ac51,Barbara André,author
42702424578f2aab1a84cc2fca57d0b94ef91cbc,Giacomo Zanus,author
e3ebe30855b987b1a4fd5fa035ecf420400e5840,Kazuya Shirato,author
d1fc32a84cd1b1bc8a11323e7d020b214743eb64,A Odir,author
2eb55b3f79e982218417b1c95c11072e0f6264fe,Adam J Kucharski,author
27670cbe2606f1b097cc47c4fc98fdc8da2bfe19,Sudhakar V Nuti²,author
d84f00e787d744a3fb5a90a51c6e1bb40cd25c07,Petra Björk,author
0a0218a840bb09f0dc887d0d80e9ed29d5c28248,Orna Kupferman,author
7c89856f48fc1e880f50492d9b6090790b76acaf,Liming Cai,author
3e7683ea822828740e9354a6a5bb1ace376e09f8,Astrid Vabret,author
2425da8d2487c86467060e836a9e1e9083ce062d,Nasia Safdar,author
77f0dd8aff30a968a35c861e63ee5e57453c2c24,G J Galasso,author
cda7d9d4aeec7607cc79e4fe15510c930d793a6f,Pratha Sah,author
a053ab9fcd2d7ad073dcfba0955d227006d4c734,J Szeliga,author
23ec56f627b8d3eb7005f9ff20d4895378e76825,Michel Ramakers,author
029ec6580198a45f853972b4fa8b4df0192ece9f,Maja Ostojic,author
19f9e6c855986aae7da33f28f0a1b55d18a634f4,Wei Liu,author
ddd77502644bd30efa3cbd6fd99decaa737467db,Mohammed F Yusof,author
359f87402c401c30075b72cfac7c11aff4fe5b63,Pierre-Emmanuel Rautou,author
b04ee04783f8201130d5387a2f0ba43cd3f732ae,Xiao Wang,author
fc917fe5c8000e572564dd0419b521ccccd1a14a,B C Easterday,author
1edd45d6cfeae8ae8d00ce91678dc78a754a8ebc,B A B,author
6cd68b9633c77f07e1e3800e1ea14384acd53399,Hiroshi Bannai,author
08e4db350a9944ef55130e435965c54a84cfec61,Jiale Tian,author
b2b98db3a91e8b1a6abef59a17bc55baabb7b40f,Tim P Endy,author
c1648539b6c72a4550d8a4c864275006aca105f5,Yan-Dong Tang,author
e7d36fdbdc14916643ead3682813b42cd0767b5f,Manotosh Mandal,author
7be0f3230d745318229932cbe7a13541248cc3e3,Yongxia Guo,author
c5049ef1b6a2613cfaf27326fc34060cf89a8941,Ugo Grossi,author
f149a4a028cb01e05bca9a6f583d5341c19dae8f,Michael J Stanhope,author
6c384612bf27c530e9a667d72ff62e3012744e47,Sanjin Musa,author
ba664a9050df85bacda4f1d7c8b309e7bb8f2518,Ailin Luo,author
948b3689e90dc8ab647525ea74faf2f528272ca3,Abteilung Pneumologie,author
7765919303922756e560783c8fc9ba6df5a378d9,Lia Van Der Hoek,author
6b0cb4c67b4d523dcc08f219574cf7185882d268,Simeone Dal Monego,author
4179ede6b25292387ed635369998ad6478da8a15,Hariati Lestari,author
2a90b95f605d8b6b5e993bb61c98fa832268e508,Michael M C And,author
23741e99aa0278aebec55335714a3676adcb8cb6,Swapan Kumar Nandi,author
8ada78b3b2161ddc43491eb33ef11e689defffa5,Amir Modiri Hamdan,author
0e057fad0ba190d708cd3b0ef36546800edddd37,Julian L Leibowitz,author
73ec3f8c2bf117475c604a7f1d7585619a3beeed,David Wang,author
79e2688a9e834a04271065b7c688f1b7e1a709cb,Allison Mallory,author
a7a4317d1cd9221dab7783508f9a65f2ce1e1060,James R Brown,author
203e4cd24dc608032b72a0d36aec00e242a74392,María Dolores Fernández Pérez,author
6058ba0b02450604cb186e9a8d4feeb9ee4264e4,Escamilla-Sevilla F,author
a76ef4e96fe5a6960fff08cb84690b90dd926bc2,Hung J Liu,author
cfe9ad732db7bc7480c4e4d39dff66ba1d368f13,Gang Wang,author
46ebdc1aa2ba385bb29ed7d485186302392b7675,Joseph S Malik Peiris,author
4b92798b31ec2aa2a1cdcdea58688e8b3964aaa8,Blair H Smith,author
706f6339e835d0512d5d873d62a3e08aba143f49,Warsaw,author
9b2d60831790eec78f982564815bb2b06bec7090,H J Muntinga,author
583d75132399d726965a9b7d42179c08e36a8bd3,Chunmei Liu,author
4f845db61b110f5e502c4441cc835169e7d1f55b,Hai-Ming Wang,author
5eec64932d70d9c9fdb0ec0a45f3582915d08cbf,Ji Wang,author
24c2b72282afe4876320765fb9f4918e9c90ae55,Mirsada Hukic,author
12a4fa8cdf6c22fa1fa8372f5fab50cec5be48b4,F S Sinkeler,author
2fb45e8cdcfe18a0055600ebf41bd239c843e0fd,Neth Heart,author
7f1673338fd7988d4f3b20e2daf7387437d022ee,Margitta Dziwenka,author
f36ec809f55588796a640b33575d948ed8207b81,V Ruas,author
12c76db198a97cd0e453a42374b7e694f30c085b,Renxi Wang,author
d801f28ce3b041ef8a16c7ad9b08685419ef87cf,· M M P M Jansen,author
686120c3737327094907efb714df59625a5ec4f3,Peter S Morris,author
36bb48fbed7f88681210a31072b9cd2e0dc2fe45,Fengyu Hu,author
c3156e00d3c2588c639e0d3cf6821258b05761c7,Q,author
6cad64ec9bb545741ae9e430d370dc80873c2cca,Alison P Galvani,author
39835f309653d5f14a867984bcdcb7f78ff3e42a,Martial Jaume,author
fc400fcc4e189dc740fbbdcee66b571adc87303c,Tobias Allander,author
b6c55cf6289dfcaf39f00451f828a5b1d49d8c58,Aluísio J D Barros,author
69055953631d8f7bed233286a765aadccaf00720,Hood Thabit,author
b55d0592bb857295296477d1da0ec8c787d4f2e0,Lana Salihefendic,author
02526c063ee1dc9a35532d04068105b2202887ec,Erik Hoel,author
47097ae5e7f64ecd4e9b990fb989af64276bb163,Yuta Kinoshita,author
beb92e15272f09f3ed77e476a9eaa5e6599898cb,S Serhan,author
5ff03b7273b1808e5ba852e230991bbf07da703c,Poland,author
a430f66972e10918c0e879bc416d5eb1efbc2d34,Pedro C Hallal,author
33e528366c152ab78ee801ce75b8803eee5ff0d3,Faryal Masud,author
c5016b22a7eb6ae1cc2d39c04e0fa79019bf2d0a,Anne B Chang,author
674a886e3ea0fa7fb8c54e71044d32edac6ceaad,Anna Edner,author
4453a6f878c2b15d4856511d77969fbb13dbd353,Canada Hamilton,author
e3571f0c1078857a9639605402622383751e91da,· R R Cross,author
f99994acb26607fb7340438f11b31d07d58652ba,Louise Biquard,author
9fbf694463f179002fe6433a6c7f3bc93137a041,H Matthys,author
7cab37c7f44e1757f2b1c5c418683ef2ad36788d,Gabriel Lassabe,author
c3d39e30d9555c5a3711575782ff6d3d0cc3a70e,Matthijs C Brouwer,author
fc8f016ce9a5f1f76d378bf164d79fb8932229f8,Fernando C Menezes,author
7d0e266df1a6a57de3c7b99bd683f988dd8f4d6f,Serge Morand,author
fe51cb3a15ce4aba91835455b00b8618c69b90d2,Sarah C Hull,author
7d2af29601a955b52718c2d5927b6c1b0293fbc1,· P K Maitz,author
c199e8814f067e88dfce8f1b39a6476e5824c52e,Wen T Ji,author
07ddd0c91c72331fd26957dbce3af0c29d750cec,Margreet Bakker,author
f5634b8d15f7fcd7bf904e470318585217b1bf68,Peyman Mohammadi,author
508771854461f723db5c411d335625703073d237,Xilong Deng,author
c870d476872d47c22f8de248e0f7a614cf7a2caf,Yu Quan,author
81e09c31234395682a486d61084914b075a9fcdb,· M R Kol,author
b71660295eb88839ce306a3a1db284353719cb28,Eddie Palumbo,author
6b83b7aa9db2fafbdc2195da17a121d63a862087,L A Nicou,author
90b02de01e5069a6df37b142b6cd87088e79e276,Amy Chang,author
9126dc65fd1c6f8e5abb1b919f1e181c4f84d019,Jeffrey P Townsend³,author
33dfbb41d9848db93df84b73474aec3d8f5ad884,Visnja Mrdjen,author
7bf7ce2af1590a2f48bc9bc29f56715423ee3c22,Hongbing Jiang,author
0d007492d315fe846215853115515c16a91c5fb6,Dominique Valla,author
4447e4683669c4428ec034e78466344706d16065,Yan Li,author
3151bdbc21b5892a66adafd5c76afe630ce32830,Yong-Gang Liu,author
2ae3de346b32a4b3296e273f9b04056cf9fa7561,Alice M Gregory,author
d1eb1f42fc9c383fec695958d55f12a8f01eaa82,Cong Ma,author
04e7fbb2a3d4517d92d22e0356a0b1586b160e03,Heather Amrine-Madsen,author
11a54662d7ff37d4573a3d805639faa36e9bb349,Zeegers Dineke,author
34ac0c1bcbd1075b5b08504ddd4659c1423d3dcf,Seyed Ali Ghafouri,author
7683be033d8f2f3f20aa41e2febf3c6e03c7f9e9,N Houhou-Fidouh,author
eadd43a2e7b376538bc6c60c66e2d4c14ec7f349,Leonardo G Romero Robles,author
9bce2dcce7346b51d81d5ae5a4a134dcc745338e,Gytis Dudas,author
49c3a8771ae1f2216a10d494ddca4e4abebab3da,Oguzhan Alagoz,author
585942bdd02fb719d2b98196ced7698e3573196a,S I Hindawi,author
5cd40044d29cd60fbc72652d7bbceec0b2401bfe,Gualberto Gonzalez-Sapienza,author
9689b517e9c77149263e2e9f0fb0c5c1e46ff6ff,Hartati Bahar,author
f603a07d40f922647fe9d0094b6666d78e3f075a,Mingcheng Qian,author
7740d17bfd46b83b3a5f1f51aaddf0478a134860,Lúcia C Neumann,author
302d0b5f6c95810b281ba46c230ebbc257b0434d,Nicolas Terzi,author
bd548f37add3222ec57f539304505cb71178b5ed,Kristen Carter,author
039d3c4dec665b3e9616cb7235eea3a153315edb,Antonio Miceli,author
2fe9ca24867a2cb53b5686741d2fdd6312b84f34,Kathy Luinstra,author
93f2098a64ee00f36f88be9601ecfe51ae5e2995,Hong-Yu Wang,author
48db384dde57f026697e0a77cbe2f078536b2fed,Yassir M Eltahir,author
ce31668e4929af793b0dcf535b09d7688aafd6bd,M Jae Moon,author
48628893da660f89a4eb154d81474d9c7c1a6b13,Sayani Adak,author
5695f037c00a01b444fce87b882a7237ceb9388d,Anna Bar,author
bf43b954dca99424487879a9b53673defa5ea3a6,C Fernando,author
3f9638fa7e7d47baf2945b2b6bc89dfcc2566680,Albornoz Almada,author
adf75d1c2c2dbeccfd04e5f794d9f4823e01ff10,Francesco Liotta,author
ab27548ebd5030076af10a759c1adf43d32b88c8,Junbo Hu,author
f45a87cdba4d38b404c73574331c1bab20b38600,F A Berger,author
6aef708e21e64f78f9474e941bd9b35a01dcd2e8,Carla Felice,author
5afa81368ed63d1d5352a8edd352a20e56e7e268,Emma Goodall,author
056f2615b86a7959b71eb6bcb9e9b24e594ba6fc,J C Romero-Fábrega,author
c98c01170b2f2ece647ec2290ad4b5e3f606c55d,Wing-Lim Chan,author
c4141ad9e61184077dcb89ec2722ac087a238db4,Fernando Villarejo,author
a5b8ad7e11d77d40d31ae12134ae7588792809c2,Gabriel D Victora,author
3a5ebe8c0f87de5a70bc2bb6fb3826724a48c38c,J Rymarowicz,author
fc1ace95ccbb778552f7a961bcaf14568aebad25,Amarnath Bhide,author
9a09bcdd4dbd3206f33ade8332047134d100e996,Shutoku Matsuyama,author
dcd4205725c31cb210046998abd54addde18d414,A M Hassan,author
c749a1cc8e0cc24174c35edd3d742f1eec88c3df,Mark M Davis,author
7d44ef758af24141f198cd66ff46feeb1164ddf7,Olivier Namy,author
4afb2fb6c92516f572eac82ea98005fca5a2489f,Alan Veliz-Cuba,author
75157e4425eee9e5f687f0b8d578ef727cc8fad4,Philip Eisenhauer,author
6c5d679a4678421db638423e8910a5ebc03bc5b7,Sead Jazic,author
51982ee707de1aa049bfd866c8120fad0a08711c,Qingxia Liu,author
e0515c0989133316fc6de3168c21b9ad43352700,Makoto Ujike,author
03f49665696c2736acdd99af9fb8d7902c4629ce,St Joseph&apos;s Healthcare,author
6be50bb6697978d3acc8506969cd1ffbc19fc98b,T K Kar,author
d0a162d2ca1585b05103011a7c5ffa686c6f0181,Norah Spears,author
a7fa9d97920825325c66757b0e69ade7c9992eb8,Federica Lopes,author
8ee408accfd1eb86d993b3d8e2012629cf4cf8fc,F Silveira,author
cd0da500a2acf616795e0bf6cc5caa996943fe37,Domenico Rubello,author
6e652710bd6a87417d29ac85199890d23c6d83b2,Patricia K Nguyen,author
aeb9e8f4528a340babef6227990bf45c46d7df51,Brian W Patterson,author
0dce280220ec8724db74f3cd1974746d1a662cea,Zonghui Zuo,author
061905dd5d0a419c8268ce87acabf39bf85f923e,Daihai He,author
e9946d1cc0e8b3ce63aacd5ec9a4bbf13f410933,Robert J C Gilbert,author
cc54fb080311c2c0164c0f93139d147733d253be,Marcelo N Dellagostin,author
103da6124f432eb074a208067920e96b338ea748,M M P M Jansen,author
f46d6d5c7e5868674c15f05cc0d06e46e2474821,| Xue-Jun Ma,author
425f3bd7a5883e4da7fe42497f1d6f4ac9b4aa3a,Han Zhu,author
d165e093f346df0b5073a4b3383d72176b92c344,Jane E Libbey,author
f57df81ed35a6d9fcfb980e9d1996535cf57a7ba,Jason Paragas,author
f5756000b54e6e0d7e349c784bd1da2ddeed4f03,Miyuki Kawase,author
dbaf4acfa34b726519951f88cd7cf4ed7462d736,Marianne Jensen-Waern,author
9c6d5b8c04e031598246202889b959d93e4d70b0,Sandrine Faivre,author
e884d948f58da29c726445743673a6b8b16fba81,Belladonna L,author
ead08ef4e7455379a8468beac4e958590d6d3eba,Jun Chu,author
c63ae6dd4fc9f9dda66970e827d13f7c73fe841c,M,author
a53a739ad353ab1f776bfa225894a68a53bd210b,M Picard-Maureau,author
2c9decb49a2fc88f92a40b45a9d0ae355220d2c6,Sarah Waliany,author
f955eca938a56a5128d0b6da490da0d2eab4afdc,H Sa&apos;ed,author
4acb5ebacc75be5f7f3e5b4e70fea05172a646ad,Luke D Knibbs,author
c175bb1008a57d4c39a231ccf27a924a9a98c369,Bé Atrice Nal,author
f7321ef9667751add93901a1c7c44b491cfb1227,( B,author
b929aae97efbaa7b736212ddb2aab22f10aaf38a,Carlos Marí,author
f2679a0bf3e426a7535e9a75ccac64dfc0de5f3f,Chengpu Zhang,author
929e28355146f914dac69d37eed1a57546e91033,Jason Botten,author
1bbb99fe81e25eaf6c6a3e9da656c34c5a150bff,John W Huggins,author
cb39422fccdd0dfd51fc4e9a81c8f33aae75d293,Abdulwahab M Kammon,author
1ea7a46b3143630716400348cf2451829464248b,Guang Wu,author
42ff237a7fdefa368406914934e79d5b9bd97cad,Cédric Daubin,author
f6440c4cef2bae1a5f556819879c435d613c6228,Hee-Do Hong,author
c090e35e99e2efbb480893607dd581a3fca8c91a,Brisbane,author
a8889dee0fa9103e3675870056eeb6c8917f6441,Trevor Bedford,author
98eaad96fe9bc61412f844a7f6660d60cafc9388,Jing Xie,author
1f7ee365000a18339703ad8f31799294b5699e12,Rémi Dangla,author
2aeb2e97785dbff68e0ef0b53479e57446f8ba3e,M Rivero Rodríguez,author
f7fa07d039b4a5d8f8824f4acd860f0bdd48f525,Xavier L E Boulvard Chollet,author
ca9a2431863d2bb90a72ddbff2ffd10281a16400,Pierre Charbonneau,author
195979ebdba1bbff4643e33e1d5cebf0c8819a1c,Gabrielle B Mccallum,author
e3405d9c9a95ae2650891dce175b1e81c321b2ea,Arash Ghalyanchilangeroudi,author
aa32ca4811056ee26da197241fa3cd61457496b0,Joko Gunawan,author
a1faebf7be9109cfb50265731e05dd1f324fadec,A N Lackamp,author
51c3d334bc6486287e671f3dc8363fd794425417,Yukari Seko,author
8eb8cc40d7ebf316448a3edbe7e74aaa8a4ef1a7,Maria Benelmekki,author
5bb5106a45d50ff39e7024117a1b87cd60d1fc79,Rosaria Arvia,author
e4e46b76725ca30aa909bdedcf1f2f8e3eac1c47,Alberta Azzi,author
f92e2db958f3a09b2265a9ad45f26080571533bb,E A B,author
209d8c7d2cdb1acde9747515426a54d7969ab474,Robert D Stevens,author
feab812674b0e1e4fe72f41e6979338f461db626,Shaull Almagor,author
fd08c05e6eb57059e2e985b7659fc5423133cb26,Beifen Shen,author
eebfb98e6adfac7f5ca61e23fbac1726eb2d9031,Michał Pȩdziwiatr,author
d16dafa1b16da071e3b44e68e6a5c110d272e089,· H J Muntinga,author
a4ce1daa601f322df97614a393a2fbab78a8e8c8,Fernando G Ríos,author
c6f46c051b20e37e301a34d9e6654407d57e1c7f,Inessa Manuelyan,author
e30ffa1c1eb191cd338b9a0b674847c4e3d450fc,Huang Huang,author
d37b08ee38f314f6730afd36de8f9d3b48b4f08d,Guoyan Zhao,author
3fb7d50db162c882989b7c903a65d793a7c02636,Fallah Mehrabadi,author
2da05b79a3ecf4f367c559b642314462d6efb625,Tanya A Miura,author
3faf7700329422dd4168ab618669eadd623d978c,Cesar G Victora,author
1c1a8d091846400dfe481e40e8621700bc366d91,Paulo V Luis,author
dabd66b45d9ab9b8bd18e4cf60f8272b5a0c1637,Rijad Konjhodzic,author
dfac74c8b48ba72356a6f5493454f5557c921541,Xianwei Zhang,author
25c9e9e34b8a1be6390c1a1131b5a23daf4cd81d,Matti Waris,author
4c0efa84d472de90602c742591d53acce59aab9b,Leelarathna Lalantha,author
94b5efdb5d68f2912f6197685ff03d244ede0713,Chris Hartmann,author
f4488a23d82221a61a3e69dec5c88f1bf540b4ce,Nihad Fejzic,author
17fc3eb12be3782334c9152aab5304549139d987,C Bertin,author
2527ad4d4baf4306a528aab8ab6cac61cfa5d218,J D Aluísio,author
730932c463306d5cf7dfa95632ee480e975175ac,François Freymuth,author
a439879fdf8947a72e0d35474ae131d7b8308e89,Rego-García,author
1581d552a0f712a0974a46c6f958ac93262507e2,I V,author
cfd27bf28c06d8b0d985c645375c4ba109df6d54,Chang-Zheng Huang,author
720f3c5151f17ac35733905547478d63acc8d8f7,Alejandro Gómez,author
49c29bf39e39a153c0db6a16227d293ebd894dd9,Malay Banerjee,author
209168456a61486e25105590b08530d20359c391,Scott C Bell,author
ace23224e641ac243e16a7b71e3301d3646d3caa,Zhuang Nie,author
3f8f79b0b3fc08074009b56feeb8cd4b8f17f0d2,Roberto Bruzzone,author
51a6f800187e7f46c509738bf031e6b77aaa97bd,Si-Guo Liu,author
2b38881d30164b6e1249307e8b263d810a4b54b1,Martin Deijs,author
ad1ebd378e37c4fef1a2c4178f5229aba20bb26e,Guanlong Xu,author
76bc22fbb0bfa102557f3c8cabd4c5b634dd5a1c,Huiying Li,author
08fed077ac4777076f5e1627af218fa4fa7cb8a1,Soovoojeet Jana,author
aa5e15dbb5d5d918a320ef32d652b7795e42347c,，feng Li,author
7bfc5e7e357cdad9a1dbce822c2b0735481df4da,Takashi Yamanaka,author
014f2d9e971e80ee51f5dbeb25e9d5b9cdc6d7b1,Javier Alvarez,author
b25f3a12864eaeccf524d0ffc692a30ad30c957b,Rowena Smith,author
e1519778c42508883030f810fde5796fbd489914,Ikuo Tsunoda,author
3b6f1e00abc3f1a380f2ef3e2990a797ac4a0801,R D Stevens,author
301c298e49b92ed86e20e24eaed19ee47ff33e5b,Savitri Fedson,author
59f46c1bb12f85d5207a66e01746ba86bd1a94e9,Narges Karimi,author
082a515d9f9d5d6869cdf8e32f9930d575f0cf0f,Marcelo N Burattini,author
042b4a816988c82d727853c74c1d0ecc45e93ec6,Pinghua Liu,author
b421a40b903b9ebd871b28ed23e019b5068e0ec4,Youxia Li,author
8f93e571652c1381a694ca3f5700d1905a93b2f6,A Mínguez-Castellanos,author
fa092417b4cf140f05e371861fc7bc88ad583d0e,Zhi-Shan Feng,author
e995eb7a8994ef317e46a4daffc7e576b429c692,G Wallner,author
bb212f5c3d24d16887335a66f4286f3bd0ab73f0,Krystyna Zakrzewska,author
e9623ca9e1fd8f93d57dc103239349cc3275374b,Aaron N Lackamp,author
0f9d40f6244167b02f664552d87c0b842e2545db,Nelson Arns Vidaleti,author
33f6140ae7ed79e74df6455ea76eca507dc2b88c,Asa Fahlman,author
826b86d2f29fc02179dc67bf5d78e6caa1622ed4,Zahra Ziafati,author
5ca73a75bf739a377e0cb6f1dafab5f16096f5c4,· Adriano Peris,author
9bc234bb66d159b6f5d30367ddf74960c1fa89e2,Damien Du Cheyron,author
b41f5e044a63bc1c93217eaa35377057e0d7d942,Hilary Renshaw,author
cb5cf588513e46ed3a41d7696fafefb511439f75,Yasuhiro Oue,author
cfe50fcd5ccfd6f989c601c311f157553952b085,Christophe Boëte,author
25e58a0147633e39c2a2fcceff9a13a181e672b9,Silveira,author
c456c9028de263a62bd0e7ef4d1f79a6200dce33,· Severine Alran,author
b422d91a683cff4c9b12e88e4d569d4dd6ad71e1,Paul Cheng,author
e5188dfe791c5f7157e478bc09032891dfd77929,Chenyang Li,author
6d78c1a268e321fa7f4d228298c01e9b05256a98,O Schildgen,author
35239483c015d386ca3740cc2fb7fd17d50b628c,M Nowakowski,author
25e5df22dda34204beb13823b5a30d0f44dbdba8,E B Ing,author
c9a67a99c39993a8086fa5c401d69ca6daff6b18,Yinqiang,author
34e4a1dd8b3526fa85a70d13107f86db022b7000,Qianying Lin,author
46c8c65ba561dff136f056d71a546103ec29992d,Barrios-López Jm,author
ce29085e724600769e671aa3ad2bec127024b4e1,Tohru Higuchi,author
cc1029cd38b0a1b4d7a51b5f3c4d1a228e9f5588,Jong-Chan Kim,author
f90ebc9d5552e22cfd46a937cda62dec44887d92,Liuming Wang,author
28163353023f219ef9eb28c0c2fb7d05e3356291,James N Kirkpatrick,author
1fbd260bbe7144689aa6f713f71295c1e80a6330,• Assem,author
4d42964a19cb74984cecfd172746affcb93788df,Othman A Mohamed,author
6585b1684b915465b4864b2d51f3f4f049b4fcaa,Adolfo Mínguez-Castellanos,author
1b12c716a86ca345252a7d0a1a3d96e076e69541,Hartwig,author
bf1e7d9e12fa464e41a87b27f4dfbe1847da17e6,Manuela Bonizzoli,author
70febacbcc2bf5ae0795528413bb814de1c45f6c,Feng Li,author
7289c5bf927690a22d655ea55d6c93fe9c932189,Maja Travar,author
bc3de29639e27c5eee1c46918bf7a096d833da9e,Chang-Won Cho,author
00a00276e672e29b2f371cb749645580cf36d1ae,Xiaoping Tang,author
70916b27500e431a85409517feb9ec1e154e3c08,Christopher M Ziegler,author
58139e0059a5478bd34033c6c49f17969ab3e64e,Justyna Rymarowicz,author
4da0bc538a2c5928da729012cc7f9c1af5cbb785,Mohammad Hossein,author
bca90ffe401b79a918fad652349065cd014f98f5,Fernando Saldarini,author
a7331fadf85161feaad5c0936c86114914e52445,Toni Eterovic,author
7e3fcfe347037e9bf272f3035af8a0c95abe70fd,Zefeng Zhao,author
181940d656bd2b0ecd0cf16622f1be10dc18be56,| Meng-Chuan Zhao,author
